squ6245r,4364
xxq4064b,3339
soh3431a,1041
pme8178s,5499
mbw8071p,2381
moo1786a,765
hur0974o,5817
gmo5938w,4399
dau2617a,7533
rum0422w,807
att7791r,4167
wpw9201u,6040
mba8071p,2381
dkz3042o,2241
qhu1140o,4714
ulz8130d,7002
vyu9214i,6281
hzt2506m,4343
ewh6301y,7002
vyw5940p,7667
wsk1289z,1159
tmv7633w,3533
fyl5866l,7283
ber7172m,7689
jvy9791g,4948
vdc9164w,5308
kjr6646j,8020
yzo4444s,8431
xil3623j,5416
rpg3351u,1557
xoy7948u,3648
pne8178s,5499
