ues9151gs5,squ6245r,4364
ues9151gs5,xxq4064b,3339
ezc9678qi6,soh3431a,1041
onl0812dh1,soh3431a,1041
cyj0225ch1,pme8178s,5499
pop2875lh3,mbw8071p,2381
wtc9125ie5,moo1786a,765
edv2089lk5,hur0974o,5817
ues9151gs5,gmo5938w,4399
hca3158qa6,xxq4064b,3339
ymh6360yp0,dau2617a,7533
pud8209og3,rum0422w,807
paj3974rk1,att7791r,4167
ues9151gs5,wpw9201u,6040
wyu2010yh8,xxq4064b,3339
jjm4724rf7,hur0974o,5817
mxu9187yc7,xxq4064b,3339
hgo4350kk1,rum0422w,807
pud8209og3,mba8071p,2381
wtc9125ie5,dkz3042o,2241
bwi0520bg6,qhu1140o,4714
edv2089lk5,ulz8130d,7002
jbe2302vo4,vyu9214i,6281
bwi0520bg6,hzt2506m,4343
ymh6360yp0,rum0422w,807
daz3029xa0,ewh6301y,7002
pit2755xc1,soh3431a,1041
pop2875lh3,vyw5940p,7667
mxu9187yc7,qhu1140o,4714
ezc9678qi6,vyu9214i,6281
cyj0225ch1,wsk1289z,1159
daz3029xa0,tmv7633w,3533
ezc9678qi6,vyw5940p,7667
ckz3132br4,fyl5866l,7283
jbe2302vo4,squ6245r,4364
ues9151gs5,qhu1140o,4714
wbe6935nu3,vyu9214i,6281
hca3158qa6,ber7172m,7689
edv2089lk5,wsk1289z,1159
ieg9308ea5,soh3431a,1041
wyu2010yh8,jvy9791g,4948
sjd8775rz4,dau2617a,7533
hca3158qa6,gmo5938w,4399
cdc0302nn5,jvy9791g,4948
bwi0520bg6,vdc9164w,5308
hca3158qa6,mba8071p,2381
kkp5277hz7,kjr6646j,8020
spr4484ha6,mba8071p,2381
ckz3132br4,pme8178s,5499
daz3029xa0,ulz8130d,7002
ezc9678qi6,jvy9791g,4948
kkp5277hz7,pme8178s,5499
vzy2993me1,moo1786a,765
hca3158qa6,qhu1140o,4714
cyj0225ch1,gmo5938w,4399
jjm4724rf7,soh3431a,1041
ues9151gs5,yzo4444s,8431
jjm4724rf7,xil3623j,5416
hca3158qa6,squ6245r,4364
cyj0225ch1,yzo4444s,8431
spr4484ha6,rpg3351u,1557
wyu2010yh8,tmv7633w,3533
jjm4724rf7,qhu1140o,4714
ckz3132br4,yzo4444s,8431
pud8209og3,qhu1140o,4714
pit2755xc1,ulz8130d,7002
hgo4350kk1,jvy9791g,4948
ymh6360yp0,wsk1289z,1159
pop2875lh3,soh3431a,1041
spr4484ha6,dkz3042o,2241
daz3029xa0,wsk1289z,1159
daz3029xa0,ber7172m,7689
hgo4350kk1,pme8178s,5499
sjd8775rz4,ulz8130d,7002
daz3029xa0,mba8071p,2381
ues9151gs5,dau2617a,7533
llz3798pe3,xxq4064b,3339
jjm4724rf7,wsk1289z,1159
ues9151gs5,ulz8130d,7002
ues9151gs5,kjr6646j,8020
wbe6935nu3,kjr6646j,8020
wbe6935nu3,ber7172m,7689
llz3798pe3,mba8071p,2381
edv2089lk5,dau2617a,7533
pop2875lh3,rum0422w,807
vzy2993me1,xoy7948u,3648
ues9151gs5,vdc9164w,5308
wbe6935nu3,qhu1140o,4714
cdc0302nn5,ulz8130d,7002
spr4484ha6,fyl5866l,7283
wtc9125ie5,vyu9214i,6281
hca3158qa6,vyu9214i,6281
bwi0520bg6,kjr6646j,8020
hca3158qa6,tmv7633w,3533
ues9151gs5,tmv7633w,3533
llz3798pe3,qhu1140o,4714
kkp5277hz7,vyw5940p,7667
pud8209og3,ulz8130d,7002
onl0812dh1,vyu9214i,6281
jbe2302vo4,jvy9791g,4948
edv2089lk5,gmo5938w,4399
hgo4350kk1,xxq4064b,3339
kkp5277hz7,hzt2506m,4343
ezc9678qi6,gmo5938w,4399
hca3158qa6,moo1786a,765
pit2755xc1,xoy7948u,3648
sjd8775rz4,vdc9164w,5308
jjm4724rf7,dkz3042o,2241
spr4484ha6,vyw5940p,7667
spr4484ha6,vdc9164w,5308
wtc9125ie5,gmo5938w,4399
hgo4350kk1,hzt2506m,4343
jjm4724rf7,wpw9201u,6040
xfg5747zt9,soh3431a,1041
xfg5747zt9,squ6245r,4364
ues9151gs5,xoy7948u,3648
xfg5747zt9,dau2617a,7533
ieg9308ea5,fyl5866l,7283
ieg9308ea5,xoy7948u,3648
onl0812dh1,att7791r,4167
cyj0225ch1,hur0974o,5817
pud8209og3,hur0974o,5817
paj3974rk1,moo1786a,765
spr4484ha6,gmo5938w,4399
jjm4724rf7,fyl5866l,7283
hca3158qa6,ulz8130d,7002
pop2875lh3,kjr6646j,8020
wtc9125ie5,mba8071p,2381
pud8209og3,dkz3042o,2241
xfg5747zt9,pme8178s,5499
llz3798pe3,ulz8130d,7002
daz3029xa0,gmo5938w,4399
jbe2302vo4,gmo5938w,4399
mxu9187yc7,vdc9164w,5308
mxu9187yc7,yzo4444s,8431
bwi0520bg6,gmo5938w,4399
cxn7304er2,rpg3351u,1557
jbe2302vo4,qhu1140o,4714
wbe6935nu3,dau2617a,7533
cdc0302nn5,fyl5866l,7283
pud8209og3,xxq4064b,3339
pit2755xc1,squ6245r,4364
bwi0520bg6,xxq4064b,3339
jbe2302vo4,moo1786a,765
jjm4724rf7,xxq4064b,3339
ues9151gs5,att7791r,4167
kkp5277hz7,soh3431a,1041
mxu9187yc7,pne8178s,5499
wyu2010yh8,pme8178s,5499
jjm4724rf7,pme8178s,5499
ckz3132br4,xil3623j,5416
pop2875lh3,jvy9791g,4948
vzy2993me1,ulz8130d,7002
bwi0520bg6,att7791r,4167
wyu2010yh8,xoy7948u,3648
llz3798pe3,fyl5866l,7283
hgo4350kk1,fyl5866l,7283
llz3798pe3,dau2617a,7533
ues9151gs5,vyw5940p,7667
xfg5747zt9,xxq4064b,3339
ymh6360yp0,fyl5866l,7283
cyj0225ch1,squ6245r,4364
ieg9308ea5,yzo4444s,8431
sjd8775rz4,moo1786a,765
bwi0520bg6,yzo4444s,8431
wyu2010yh8,xil3623j,5416
umh6360yp0,xxq4064b,3339
ymh6360yp0,xxq4064b,3339
hgo4350kk1,ber7172m,7689
wtc9125ie5,wpw9201u,6040
daz3029xa0,att7791r,4167
cxn7304er2,soh3431a,1041
pop2875lh3,rpg3351u,1557
hca3158qa6,dkz3042o,2241
cxn7304er2,gmo5938w,4399
cxn7304er2,dau2617a,7533
ezc9678qi6,rpg3351u,1557
jbe2302vo4,hzt2506m,4343
mxu9187yc7,att7791r,4167
edv2089lk5,pme8178s,5499
ues9151gs5,jvy9791g,4948
mxu9187yc7,rum0422w,807
ezc9678qi6,xoy7948u,3648
ckz3132br4,gmo5938w,4399
ckz3132br4,jvy9791g,4948
bwi0520bg6,ewh6301y,7002
llz3798pe3,jvy9791g,4948
cdc0302nn5,hzt2506m,4343
cyj0225ch1,xxq4064b,3339
pud8209og3,vdc9164w,5308
llz3798pe3,yzo4444s,8431
pit2755xc1,vyw5940p,7667
pop2875lh3,moo1786a,765
pud8209og3,ber7172m,7689
pop2875lh3,fyl5866l,7283
pit2755xc1,wsk1289z,1159
mxu9187yc7,squ6245r,4364
ieg9308ea5,dkz3042o,2241
hgo4350kk1,squ6245r,4364
bwi0520bg6,moo1786a,765
cxn7304er2,wpw9201u,6040
hca3158qa6,pme8178s,5499
ckz3132br4,xoy7948u,3648
paj3974rk1,rpg3351u,1557
ymh6360yp0,kjr6646j,8020
cyj0225ch1,xil3623j,5416
jbe2302vo4,rpg3351u,1557
ckz3132br4,tmv7633w,3533
daz3029xa0,xil3623j,5416
pop2875lh3,vyu9214i,6281
ckz3132br4,vyw5940p,7667
hca3158qa6,kjr6646j,8020
pud8209og3,kjr6646j,8020
xfg5747zt9,wsk1289z,1159
jbe2302vo4,vdc9164w,5308
sjd8775rz4,soh3431a,1041
onl0812dh1,tmv7633w,3533
jbe2302vo4,kjr6646j,8020
cxn7304er2,vyw5940p,7667
vzy2993me1,xil3623j,5416
edv2089lk5,yzo4444s,8431
daz3029xa0,kjr6646j,8020
wtc9125ie5,tmv7633w,3533
spr4484ha6,rum0422w,807
sjd8775rz4,ber7172m,7689
hca3158qa6,jvy9791g,4948
wyu2010yh8,wpw9201u,6040
bwi0520bg6,rum0422w,807
ckz3132br4,hur0974o,5817
spr4484ha6,wsk1289z,1159
wtc9125ie5,ulz8130d,7002
ezc9678qi6,fyl5866l,7283
wtc9125ie5,xoy7948u,3648
wyu2010yh8,fyl5866l,7283
ckz3132br4,qhu1140o,4714
vzy2993me1,wsk1289z,1159
pud8209og3,yzo4444s,8431
vzy2993me1,tmv7633w,3533
hgo4350kk1,xoy7948u,3648
ezc9678qi6,mba8071p,2381
pud8209og3,squ6245r,4364
wbe6935nu3,rpg3351u,1557
ymh6360yp0,pme8178s,5499
hgo4350kk1,vyu9214i,6281
hgo4350kk1,yzo4444s,8431
pop2875lh3,xoy7948u,3648
spr4484ha6,ber7172m,7689
ckz3132br4,xxq4064b,3339
cxn7304er2,fyl5866l,7283
cyj0225ch1,dau2617a,7533
jbe2302vo4,soh3431a,1041
vzy2993me1,ewh6301y,7002
ieg9308ea5,gmo5938w,4399
spr4484ha6,ulz8130d,7002
cxn7304er2,xoy7948u,3648
ieg9308ea5,tmv7633w,3533
jjm4724rf7,gmo5938w,4399
llz3798pe3,vyu9214i,6281
wyu2010yh8,ulz8130d,7002
paj3974rk1,ber7172m,7689
bwi0520bg6,jvy9791g,4948
pit2755xc1,att7791r,4167
daz3029xa0,vyw5940p,7667
onl0812dh1,kjr6646j,8020
cdc0302nn5,xil3623j,5416
daz3029xa0,soh3431a,1041
wbe6935nu3,jvy9791g,4948
cdc0302nn5,kjr6646j,8020
wbe6935nu3,squ6245r,4364
ieg9308ea5,squ6245r,4364
xfg5747zt9,dkz3042o,2241
wyu2010yh8,soh3431a,1041
edv2089lk5,att7791r,4167
wbe6935nu3,att7791r,4167
ezc9678qi6,ulz8130d,7002
vzt2993me1,ulz8130d,7002
hca3158qa6,fyl5866l,7283
hca3158qa6,xoy7948u,3648
wbe6935nu3,gmo5938w,4399
pop2875lh3,xxq4064b,3339
ckz3132br4,mba8071p,2381
jjm4724rf7,mba8071p,2381
onl0812dh1,mba8071p,2381
xfg5747zt9,hur0974o,5817
ymh6360yp0,wpw9201u,6040
llz3798pe3,squ6245r,4364
xfg5747zt9,kjr6646j,8020
ieg9308ea5,moo1786a,765
pop2875lh3,hzt2506m,4343
xfg5747zt9,yzo4444s,8431
ezc9678qi6,dau2617a,7533
ezc9678qi6,wsk1289z,1159
ckz3132br4,wsk1289z,1159
edv2089lk5,xil3623j,5416
ymh6360yp0,squ6245r,4364
wyu2010yh8,ber7172m,7689
ues9151gs5,pme8178s,5499
xfg5747zt9,fyl5866l,7283
vzy2993me1,jvy9791g,4948
jjm4724rf7,hzt2506m,4343
sjd8775rz4,qhu1140o,4714
wbe6935nu3,rum0422w,807
cdc0302nn5,xxq4064b,3339
vzy2993me1,rpg3351u,1557
wyu2010yh8,dau2617a,7533
mxu9187yc7,dkz3042o,2241
cxn7304er2,wsk1289z,1159
spr4484ha6,kjr6646j,8020
edv2089lk5,vyu9214i,6281
daz3029xa0,vdc9164w,5308
cyj0225ch1,mba8071p,2381
kkp5277hz7,dkz3042o,2241
ezc9678qi6,dkz3042o,2241
cxn7304er2,ulz8130d,7002
sjd8775rz4,xxq4064b,3339
onl0812dh1,rpg3351u,1557
wbe6935nu3,ulz8130d,7002
ieg9308ea5,vyu9214i,6281
jbe2302vo4,ulz8130d,7002
ezc9678qi6,rum0422w,807
daz3029xa0,squ6245r,4364
hgo4350kk1,wsk1289z,1159
ezc9678qi6,att7791r,4167
ezc9678qi6,ewh6301y,7002
daz3029xa0,xxq4064b,3339
ezc9678qi6,hzt2506m,4343
spr4484ha6,xoy7948u,3648
cdc0302nn5,wsk1289z,1159
edv2089lk5,kjr6646j,8020
paj3974rk1,gmo5938w,4399
bwi0520bg6,vyw5940p,7667
hgo4350kk1,soh3431a,1041
spr4484ha6,jvy9791g,4948
spr4484ha6,yzo4444s,8431
cdc0302nn5,pme8178s,5499
jjm4724rf7,vyw5940p,7667
daz3029xa0,yzo4444s,8431
llz3798pe3,tmv7633w,3533
ymh6360yp0,xil3623j,5416
ymh6360yp0,att7791r,4167
mxu9187yc7,dau2617a,7533
paj3974rk1,mba8071p,2381
wyu2010yh8,wsk1289z,1159
sjd8775rz4,rpg3351u,1557
cxn7304er2,pme8178s,5499
hgo4350kk1,wpw9201u,6040
onl0812dh1,wsk1289z,1159
mxu9187yc7,jvy9791g,4948
ues9151gs5,wsk1289z,1159
wtc9125ie5,ber7172m,7689
llz3798pe3,xil3623j,5416
kkp5277hz7,vdc9164w,5308
hgo4350kk1,ewh6301y,7002
cxn7304er2,moo1786a,765
ymh6360yp0,gmo5938w,4399
pud8209og3,vyu9214i,6281
ymh6360yp0,jvy9791g,4948
ymh6360yp0,xoy7948u,3648
hca3158qa6,rpg3351u,1557
wbe6935nu3,yzo4444s,8431
pud8209og3,pme8178s,5499
paj3974rk1,qhu1140o,4714
wbe6935nu3,wpw9201u,6040
vzy2993me1,squ6245r,4364
onl0812dh1,xxq4064b,3339
wyu2010yh8,vdc9164w,5308
ckz3132br4,hzt2506m,4343
spr4484ha6,squ6245r,4364
onl0812dh1,ulz8130d,7002
vzy2993me1,yzo4444s,8431
cdc0302nn5,qhu1140o,4714
cxn7304er2,jvy9791g,4948
bwi0520bg6,ber7172m,7689
llz3798pe3,ewh6301y,7002
